{
    "mean_loss": 0.016817706165033804,
    "std_loss": 0.03368882460434572,
    "k_sigma": 8.0,
    "threshold": 0.28632830299979956,
    "f1_score": 0.8821750342236796,
    "precision": 0.9507308035407946,
    "recall": 0.8228411925406818,
    "method": "adaptive_sigma_optimized",
    "sample_ratio": 1.0
}