{
  "train_losses": [
    9.232722854614257,
    6.624994745254517,
    4.795665874481201,
    3.779937534332275,
    3.1072631645202637,
    2.580238728523254,
    2.1488224983215334,
    1.8052645301818848,
    1.539354019165039,
    1.323652424812317
  ],
  "val_losses": [
    7.731802940368652,
    5.380656083424886,
    4.029333710670471,
    3.232376495997111,
    2.6441487471262612,
    2.1675942738850913,
    1.7982588013013203,
    1.5058677395184834,
    1.2818193435668945,
    1.0990606943766277
  ],
  "best_val_loss": 1.0990606943766277,
  "epochs_trained": 10,
  "config": {
    "n_layer": 4,
    "n_head": 4,
    "n_embd": 256,
    "dropout": 0.1,
    "lr": 0.0001,
    "batch_size": 8,
    "block_size": 1024
  }
}