{
  "mean": 0.5672118663787842,
  "std": 0.671132504940033,
  "k": 10,
  "max_normal": 6.923113822937012,
  "threshold": 7.278536796569824
}