{
  "topk": {
    "precision": 0.4919517102615694,
    "recall": 1.0,
    "f1": 0.6594740391099123,
    "tp": 489,
    "tn": 6,
    "fp": 505,
    "fn": 0,
    "accuracy": 0.495,
    "total_sequences": 1000
  },
  "baseline": {
    "f1": 0.6568
  },
  "improvement": 0.002674039109912263,
  "vocab_size": 322,
  "K": 160
}